old_name,new_name,timestamp
Visual Studio Code.lnk,Vtoual Studio Code.lnk,2026-07-01 00:12:08
bulk email sender.zip,Others/bulk email sender.zip,2026-07-01 00:16:03
course certificate.pdf,Documents/course certificate.pdf,2026-07-01 00:16:03
Coursera 4OKM0IERLDNP.pdf,Documents/Coursera 4OKM0IERLDNP.pdf,2026-07-01 00:16:03
Coursera MOW8AA0IT5Y9.pdf,Documents/Coursera MOW8AA0IT5Y9.pdf,2026-07-01 00:16:03
desktop.ini,Others/desktop.ini,2026-07-01 00:16:03
encryption tool.zip,Others/encryption tool.zip,2026-07-01 00:16:03
excel.zip,Others/excel.zip,2026-07-01 00:16:03
images (1).jpg,Images/images (1).jpg,2026-07-01 00:16:03
images (2).jpg,Images/images (2).jpg,2026-07-01 00:16:03
images (3).jpg,Images/images (3).jpg,2026-07-01 00:16:03
images.jpg,Images/images.jpg,2026-07-01 00:16:03
log analyzer.zip,Others/log analyzer.zip,2026-07-01 00:16:03
Microsoft Edge.lnk,Others/Microsoft Edge.lnk,2026-07-01 00:16:03
multi user authentication system.zip,Others/multi user authentication system.zip,2026-07-01 00:16:03
Opera Browser.lnk,Others/Opera Browser.lnk,2026-07-01 00:16:03
report generator.zip,Others/report generator.zip,2026-07-01 00:16:03
Vtoual Studio Code.lnk,Others/Vtoual Studio Code.lnk,2026-07-01 00:16:03
Wire Vpn.lnk,Others/Wire Vpn.lnk,2026-07-01 00:16:03
Yayayaya - Chrome.lnk,Others/Yayayaya - Chrome.lnk,2026-07-01 00:16:03
